Rank,Game,Pick,Confidence,Spread,Base_Prob,Final_Prob,Weather,Game_Time,Game_Time_CPH,Game_Time_Full,Game_Timestamp,Reasoning,Has_Started,Points,Result_Winner,Result_Score,Result_Correct,Points_Earned
1,Philadelphia Eagles @ Washington Commanders,Philadelphia Eagles,66.8,7.0,33.2%,33.2%,"4.4Â°C, 12.6mph",Saturday 20/12 23:00,20/12 23:00,"Saturday, December 20 at 23:00",1766268000.0,"ğŸ“Š Odds baseline: Spread +7.0 â†’ 33% win probability for Washington Commanders

ğŸŒ¤ï¸ Weather adjustments:
   â€¢ Gode forhold (4Â°C, 13 mph vind)

âœ… FINAL: 67% confidence â†’ Pick Philadelphia Eagles",True,60,Philadelphia Eagles,29-18,True,60.0
2,Los Angeles Rams @ Seattle Seahawks,Seattle Seahawks,53.7,-1.5,53.7%,53.7%,"7.4Â°C, 7.9mph",Friday 19/12 02:15,19/12 02:15,"Friday, December 19 at 02:15",1766106900.0,"ğŸ“Š Odds baseline: Spread -1.5 â†’ 54% win probability for Seattle Seahawks

ğŸŒ¤ï¸ Weather adjustments:
   â€¢ Gode forhold (7Â°C, 8 mph vind)

âœ… FINAL: 54% confidence â†’ Pick Seattle Seahawks",True,6,Seattle Seahawks,37-38,True,6.0
3,Green Bay Packers @ Chicago Bears,Green Bay Packers,64.4,5.5,36.6%,35.6%,"-1.6Â°C, 14.6mph",Sunday 21/12 02:20,21/12 02:20,"Sunday, December 21 at 02:20",1766280000.0,"ğŸ“Š Odds baseline: Spread +5.5 â†’ 37% win probability for Chicago Bears

ğŸŒ¤ï¸ Weather adjustments:
   â€¢ Kulde (-2Â°C) pÃ¥virker boldhÃ¥ndtering

âœ… FINAL: 64% confidence â†’ Pick Green Bay Packers",True,6,,,,
4,Las Vegas Raiders @ Houston Texans,Houston Texans,81.0,-14.5,81.0%,81.0%,"20.7Â°C, 2.9mph",Sunday 21/12 22:25,21/12 22:25,"Sunday, December 21 at 22:25",1766352300.0,"ğŸ“Š Odds baseline: Spread -14.5 â†’ 81% win probability for Houston Texans

ğŸŒ¤ï¸ Weather adjustments:
   â€¢ Gode forhold (21Â°C, 3 mph vind)

âœ… FINAL: 81% confidence â†’ Pick Houston Texans",False,100,,,,
5,Buffalo Bills @ Cleveland Browns,Buffalo Bills,75.1,10.5,25.9%,24.9%,"-4.9Â°C, 6.5mph",Sunday 21/12 19:00,21/12 19:00,"Sunday, December 21 at 19:00",1766340000.0,"ğŸ“Š Odds baseline: Spread +10.5 â†’ 26% win probability for Cleveland Browns

ğŸŒ¤ï¸ Weather adjustments:
   â€¢ Kulde (-5Â°C) pÃ¥virker boldhÃ¥ndtering

âœ… FINAL: 75% confidence â†’ Pick Buffalo Bills",False,75,,,,
6,New York Jets @ New Orleans Saints,New Orleans Saints,65.7,-6.5,65.7%,65.7%,"21.5Â°C, 1.2mph",Sunday 21/12 19:00,21/12 19:00,"Sunday, December 21 at 19:00",1766340000.0,"ğŸ“Š Odds baseline: Spread -6.5 â†’ 66% win probability for New Orleans Saints

ğŸŒ¤ï¸ Weather adjustments:
   â€¢ Gode forhold (22Â°C, 1 mph vind)

âœ… FINAL: 66% confidence â†’ Pick New Orleans Saints",False,50,,,,
7,San Francisco 49ers @ Indianapolis Colts,San Francisco 49ers,63.4,5.5,36.6%,36.6%,"8.2Â°C, 9.3mph",Tuesday 23/12 02:15,23/12 02:15,"Tuesday, December 23 at 02:15",1766452500.0,"ğŸ“Š Odds baseline: Spread +5.5 â†’ 37% win probability for Indianapolis Colts

ğŸŒ¤ï¸ Weather adjustments:
   â€¢ Gode forhold (8Â°C, 9 mph vind)

âœ… FINAL: 63% confidence â†’ Pick San Francisco 49ers",False,40,,,,
8,Cincinnati Bengals @ Miami Dolphins,Cincinnati Bengals,61.1,4.5,38.9%,38.9%,"21.9Â°C, 6.9mph",Sunday 21/12 19:00,21/12 19:00,"Sunday, December 21 at 19:00",1766340000.0,"ğŸ“Š Odds baseline: Spread +4.5 â†’ 39% win probability for Miami Dolphins

ğŸŒ¤ï¸ Weather adjustments:
   â€¢ Gode forhold (22Â°C, 7 mph vind)

âœ… FINAL: 61% confidence â†’ Pick Cincinnati Bengals",False,35,,,,
9,Pittsburgh Steelers @ Detroit Lions,Detroit Lions,60.8,-7.0,66.8%,60.8%,"-6.4Â°C, 3.2mph",Sunday 21/12 22:25,21/12 22:25,"Sunday, December 21 at 22:25",1766352300.0,"ğŸ“Š Odds baseline: Spread -7.0 â†’ 67% win probability for Detroit Lions

âš•ï¸ Injury adjustments:
   â€¢ Example DE (DE) - Out: stor impact (-5.0%)

ğŸŒ¤ï¸ Weather adjustments:
   â€¢ Kulde (-6Â°C) pÃ¥virker boldhÃ¥ndtering

âœ… FINAL: 61% confidence â†’ Pick Detroit Lions",False,30,,,,
10,Jacksonville Jaguars @ Denver Broncos,Denver Broncos,58.7,-3.5,58.7%,58.7%,"9.5Â°C, 6.0mph",Sunday 21/12 22:05,21/12 22:05,"Sunday, December 21 at 22:05",1766351100.0,"ğŸ“Š Odds baseline: Spread -3.5 â†’ 59% win probability for Denver Broncos

ğŸŒ¤ï¸ Weather adjustments:
   â€¢ Gode forhold (10Â°C, 6 mph vind)

âœ… FINAL: 59% confidence â†’ Pick Denver Broncos",False,26,,,,
11,Tampa Bay Buccaneers @ Carolina Panthers,Tampa Bay Buccaneers,57.4,3.0,42.6%,42.6%,"9.0Â°C, 6.1mph",Sunday 21/12 19:00,21/12 19:00,"Sunday, December 21 at 19:00",1766340000.0,"ğŸ“Š Odds baseline: Spread +3.0 â†’ 43% win probability for Carolina Panthers

ğŸŒ¤ï¸ Weather adjustments:
   â€¢ Gode forhold (9Â°C, 6 mph vind)

âœ… FINAL: 57% confidence â†’ Pick Tampa Bay Buccaneers",False,22,,,,
12,Atlanta Falcons @ Arizona Cardinals,Atlanta Falcons,57.4,3.0,42.6%,42.6%,"19.1Â°C, 4.7mph",Sunday 21/12 22:05,21/12 22:05,"Sunday, December 21 at 22:05",1766351100.0,"ğŸ“Š Odds baseline: Spread +3.0 â†’ 43% win probability for Arizona Cardinals

ğŸŒ¤ï¸ Weather adjustments:
   â€¢ Gode forhold (19Â°C, 5 mph vind)

âœ… FINAL: 57% confidence â†’ Pick Atlanta Falcons",False,18,,,,
13,Minnesota Vikings @ New York Giants,Minnesota Vikings,57.2,2.5,43.8%,42.8%,"-1.4Â°C, 12.1mph",Sunday 21/12 19:00,21/12 19:00,"Sunday, December 21 at 19:00",1766340000.0,"ğŸ“Š Odds baseline: Spread +2.5 â†’ 44% win probability for New York Giants

ğŸŒ¤ï¸ Weather adjustments:
   â€¢ Kulde (-1Â°C) pÃ¥virker boldhÃ¥ndtering

âœ… FINAL: 57% confidence â†’ Pick Minnesota Vikings",False,14,,,,
14,Kansas City Chiefs @ Tennessee Titans,Kansas City Chiefs,56.4,3.0,42.6%,43.6%,"8.3Â°C, 5.6mph",Sunday 21/12 19:00,21/12 19:00,"Sunday, December 21 at 19:00",1766340000.0,"ğŸ“Š Odds baseline: Spread +3.0 â†’ 43% win probability for Tennessee Titans

âš•ï¸ Injury adjustments:
   â€¢ Kansas City Chiefs injuries help Tennessee Titans
   â€¢ Example Player (DT) - Questionable: lille impact (-1.0%)

ğŸŒ¤ï¸ Weather adjustments:
   â€¢ Gode forhold (8Â°C, 6 mph vind)

âœ… FINAL: 56% confidence â†’ Pick Kansas City Chiefs",False,12,,,,
15,New England Patriots @ Baltimore Ravens,Baltimore Ravens,56.4,-3.0,57.4%,56.4%,"-4.5Â°C, 4.6mph",Monday 22/12 02:20,22/12 02:20,"Monday, December 22 at 02:20",1766366400.0,"ğŸ“Š Odds baseline: Spread -3.0 â†’ 57% win probability for Baltimore Ravens

ğŸŒ¤ï¸ Weather adjustments:
   â€¢ Kulde (-4Â°C) pÃ¥virker boldhÃ¥ndtering

âœ… FINAL: 56% confidence â†’ Pick Baltimore Ravens",False,10,,,,
16,Los Angeles Chargers @ Dallas Cowboys,Dallas Cowboys,53.7,-1.5,53.7%,53.7%,"14.7Â°C, 6.8mph",Sunday 21/12 19:00,21/12 19:00,"Sunday, December 21 at 19:00",1766340000.0,"ğŸ“Š Odds baseline: Spread -1.5 â†’ 54% win probability for Dallas Cowboys

ğŸŒ¤ï¸ Weather adjustments:
   â€¢ Gode forhold (15Â°C, 7 mph vind)

âœ… FINAL: 54% confidence â†’ Pick Dallas Cowboys",False,8,,,,
